{"stats":{"minecraft:custom":{"minecraft:time_since_rest":288120,"minecraft:crouch_one_cm":2963,"minecraft:sprint_one_cm":78,"minecraft:play_time":288120,"minecraft:sneak_time":7413,"minecraft:walk_one_cm":33173,"minecraft:jump":264,"minecraft:leave_game":13,"minecraft:time_since_death":288120,"minecraft:total_world_time":421522,"minecraft:fly_one_cm":1356761},"minecraft:used":{"minecraft:piston":2,"minecraft:green_concrete":1,"minecraft:diamond_block":25,"minecraft:purple_concrete":1,"minecraft:black_concrete":44,"minecraft:repeater":1,"minecraft:comparator":3,"minecraft:light_blue_concrete":27,"minecraft:command_block":83,"minecraft:armor_stand":1,"minecraft:red_concrete":44,"minecraft:yellow_concrete":21,"minecraft:chain_command_block":218,"minecraft:stone_button":5,"minecraft:oak_sign":68,"minecraft:gold_block":12,"minecraft:repeating_command_block":23,"minecraft:magenta_concrete":22,"minecraft:white_concrete":56,"minecraft:stone":55,"minecraft:redstone_block":264},"minecraft:picked_up":{"minecraft:oak_sign":4,"minecraft:stone_button":2}},"DataVersion":2975}